"symboling","make","fuel-type","aspiration","num-of-doors","body-style","drive-wheels","engine-location","wheel-base","length","width","height","curb-weight","engine-type","num-of-cylinders","engine-size","fuel-system","compression-ratio","horsepower","peak-rpm","city-mpg","highway-mpg","stroke","price"
0,"audi","gas","turbo","two","hatchback","4wd","front",99.5,178.2,67.9,52,3053,"ohc","five",131,"mpfi",7,"160","5500",16,22,"3.40",0
2,"chevrolet","gas","std","two","hatchback","fwd","front",88.4,141.1,60.3,53.2,1488,"l","three",61,"2bbl",9.5,"48","5100",47,53,"3.03",5151
1,"chevrolet","gas","std","two","hatchback","fwd","front",94.5,155.9,63.6,52,1874,"ohc","four",90,"2bbl",9.6,"70","5400",38,43,"3.11",6295
0,"chevrolet","gas","std","four","sedan","fwd","front",94.5,158.8,63.6,52,1909,"ohc","four",90,"2bbl",9.6,"70","5400",38,43,"3.11",6575
1,"dodge","gas","std","two","hatchback","fwd","front",93.7,157.3,63.8,50.8,1876,"ohc","four",90,"2bbl",9.41,"68","5500",37,41,"3.23",5572
1,"dodge","gas","std","two","hatchback","fwd","front",93.7,157.3,63.8,50.8,1876,"ohc","four",90,"2bbl",9.4,"68","5500",31,38,"3.23",6377
1,"dodge","gas","turbo","two","hatchback","fwd","front",93.7,157.3,63.8,50.8,2128,"ohc","four",98,"mpfi",7.6,"102","5500",24,30,"3.39",7957
1,"dodge","gas","std","four","hatchback","fwd","front",93.7,157.3,63.8,50.6,1967,"ohc","four",90,"2bbl",9.4,"68","5500",31,38,"3.23",6229
1,"dodge","gas","std","four","sedan","fwd","front",93.7,157.3,63.8,50.6,1989,"ohc","four",90,"2bbl",9.4,"68","5500",31,38,"3.23",6692
1,"dodge","gas","std","four","sedan","fwd","front",93.7,157.3,63.8,50.6,1989,"ohc","four",90,"2bbl",9.4,"68","5500",31,38,"3.23",7609
1,"dodge","gas","turbo","?","sedan","fwd","front",93.7,157.3,63.8,50.6,2191,"ohc","four",98,"mpfi",7.6,"102","5500",24,30,"3.39",8558
-1,"dodge","gas","std","four","wagon","fwd","front",103.3,174.6,64.6,59.8,2535,"ohc","four",122,"2bbl",8.5,"88","5000",24,30,"3.46",8921
2,"honda","gas","std","two","hatchback","fwd","front",86.6,144.6,63.9,50.8,1713,"ohc","four",92,"1bbl",9.6,"58","4800",49,54,"3.41",6479
2,"honda","gas","std","two","hatchback","fwd","front",86.6,144.6,63.9,50.8,1819,"ohc","four",92,"1bbl",9.2,"76","6000",31,38,"3.41",6855
1,"honda","gas","std","two","hatchback","fwd","front",93.7,150,64,52.6,1837,"ohc","four",79,"1bbl",10.1,"60","5500",38,42,"3.07",5399
1,"honda","gas","std","two","hatchback","fwd","front",93.7,150,64,52.6,1940,"ohc","four",92,"1bbl",9.2,"76","6000",30,34,"3.41",6529
1,"honda","gas","std","two","hatchback","fwd","front",93.7,150,64,52.6,1956,"ohc","four",92,"1bbl",9.2,"76","6000",30,34,"3.41",7129
0,"honda","gas","std","four","sedan","fwd","front",96.5,163.4,64,54.5,2010,"ohc","four",92,"1bbl",9.2,"76","6000",30,34,"3.41",7295
0,"honda","gas","std","four","wagon","fwd","front",96.5,157.1,63.9,58.3,2024,"ohc","four",92,"1bbl",9.2,"76","6000",30,34,"3.41",7295
0,"honda","gas","std","two","hatchback","fwd","front",96.5,167.5,65.2,53.3,2236,"ohc","four",110,"1bbl",9,"86","5800",27,33,"3.58",7895
0,"honda","gas","std","two","hatchback","fwd","front",96.5,167.5,65.2,53.3,2289,"ohc","four",110,"1bbl",9,"86","5800",27,33,"3.58",9095
0,"honda","gas","std","four","sedan","fwd","front",96.5,175.4,65.2,54.1,2304,"ohc","four",110,"1bbl",9,"86","5800",27,33,"3.58",8845
0,"isuzu","gas","std","four","sedan","rwd","front",94.3,170.7,61.8,53.5,2337,"ohc","four",111,"2bbl",8.5,"78","4800",24,29,"3.23",6785
1,"isuzu","gas","std","two","sedan","fwd","front",94.5,155.9,63.6,52,1874,"ohc","four",90,"2bbl",9.6,"70","5400",38,43,"3.11",0
0,"isuzu","gas","std","four","sedan","fwd","front",94.5,155.9,63.6,52,1909,"ohc","four",90,"2bbl",9.6,"70","5400",38,43,"3.11",0
1,"mazda","gas","std","two","hatchback","fwd","front",93.1,159.1,64.2,54.1,1890,"ohc","four",91,"2bbl",9,"68","5000",30,31,"3.15",5195
1,"mazda","gas","std","two","hatchback","fwd","front",93.1,159.1,64.2,54.1,1900,"ohc","four",91,"2bbl",9,"68","5000",31,38,"3.15",6095
1,"mazda","gas","std","two","hatchback","fwd","front",93.1,159.1,64.2,54.1,1905,"ohc","four",91,"2bbl",9,"68","5000",31,38,"3.15",6795
1,"mazda","gas","std","four","sedan","fwd","front",93.1,166.8,64.2,54.1,1945,"ohc","four",91,"2bbl",9,"68","5000",31,38,"3.15",6695
1,"mazda","gas","std","four","sedan","fwd","front",93.1,166.8,64.2,54.1,1950,"ohc","four",91,"2bbl",9,"68","5000",31,38,"3.15",7395
1,"mazda","gas","std","two","hatchback","fwd","front",98.8,177.8,66.5,53.7,2385,"ohc","four",122,"2bbl",8.6,"84","4800",26,32,"3.39",8845
0,"mazda","gas","std","four","sedan","fwd","front",98.8,177.8,66.5,55.5,2410,"ohc","four",122,"2bbl",8.6,"84","4800",26,32,"3.39",8495
2,"mitsubishi","gas","std","two","hatchback","fwd","front",93.7,157.3,64.4,50.8,1918,"ohc","four",92,"2bbl",9.4,"68","5500",37,41,"3.23",5389
2,"mitsubishi","gas","std","two","hatchback","fwd","front",93.7,157.3,64.4,50.8,1944,"ohc","four",92,"2bbl",9.4,"68","5500",31,38,"3.23",6189
2,"mitsubishi","gas","std","two","hatchback","fwd","front",93.7,157.3,64.4,50.8,2004,"ohc","four",92,"2bbl",9.4,"68","5500",31,38,"3.23",6669
1,"mitsubishi","gas","turbo","two","hatchback","fwd","front",93,157.3,63.8,50.8,2145,"ohc","four",98,"spdi",7.6,"102","5500",24,30,"3.39",7689
3,"mitsubishi","gas","turbo","two","hatchback","fwd","front",96.3,173,65.4,49.4,2370,"ohc","four",110,"spdi",7.5,"116","5500",23,30,"3.46",9959
3,"mitsubishi","gas","std","two","hatchback","fwd","front",96.3,173,65.4,49.4,2328,"ohc","four",122,"2bbl",8.5,"88","5000",25,32,"3.46",8499
1,"mitsubishi","gas","std","four","sedan","fwd","front",96.3,172.4,65.4,51.6,2365,"ohc","four",122,"2bbl",8.5,"88","5000",25,32,"3.46",6989
1,"mitsubishi","gas","std","four","sedan","fwd","front",96.3,172.4,65.4,51.6,2405,"ohc","four",122,"2bbl",8.5,"88","5000",25,32,"3.46",8189
1,"mitsubishi","gas","turbo","four","sedan","fwd","front",96.3,172.4,65.4,51.6,2403,"ohc","four",110,"spdi",7.5,"116","5500",23,30,"3.46",9279
-1,"mitsubishi","gas","std","four","sedan","fwd","front",96.3,172.4,65.4,51.6,2403,"ohc","four",110,"spdi",7.5,"116","5500",23,30,"3.46",9279
1,"nissan","gas","std","two","sedan","fwd","front",94.5,165.3,63.8,54.5,1889,"ohc","four",97,"2bbl",9.4,"69","5200",31,37,"3.29",5499
1,"nissan","diesel","std","two","sedan","fwd","front",94.5,165.3,63.8,54.5,2017,"ohc","four",103,"idi",21.9,"55","4800",45,50,"3.47",7099
1,"nissan","gas","std","two","sedan","fwd","front",94.5,165.3,63.8,54.5,1918,"ohc","four",97,"2bbl",9.4,"69","5200",31,37,"3.29",6649
1,"nissan","gas","std","four","sedan","fwd","front",94.5,165.3,63.8,54.5,1938,"ohc","four",97,"2bbl",9.4,"69","5200",31,37,"3.29",6849
1,"nissan","gas","std","four","wagon","fwd","front",94.5,170.2,63.8,53.5,2024,"ohc","four",97,"2bbl",9.4,"69","5200",31,37,"3.29",7349
1,"nissan","gas","std","two","sedan","fwd","front",94.5,165.3,63.8,54.5,1951,"ohc","four",97,"2bbl",9.4,"69","5200",31,37,"3.29",7299
1,"nissan","gas","std","two","hatchback","fwd","front",94.5,165.6,63.8,53.3,2028,"ohc","four",97,"2bbl",9.4,"69","5200",31,37,"3.29",7799
1,"nissan","gas","std","four","sedan","fwd","front",94.5,165.3,63.8,54.5,1971,"ohc","four",97,"2bbl",9.4,"69","5200",31,37,"3.29",7499
1,"nissan","gas","std","four","wagon","fwd","front",94.5,170.2,63.8,53.5,2037,"ohc","four",97,"2bbl",9.4,"69","5200",31,37,"3.29",7999
2,"nissan","gas","std","two","hardtop","fwd","front",95.1,162.4,63.8,53.3,2008,"ohc","four",97,"2bbl",9.4,"69","5200",31,37,"3.29",8249
0,"nissan","gas","std","four","hatchback","fwd","front",97.2,173.4,65.2,54.7,2324,"ohc","four",120,"2bbl",8.5,"97","5200",27,34,"3.47",8949
0,"nissan","gas","std","four","sedan","fwd","front",97.2,173.4,65.2,54.7,2302,"ohc","four",120,"2bbl",8.5,"97","5200",27,34,"3.47",9549
1,"plymouth","gas","std","two","hatchback","fwd","front",93.7,157.3,63.8,50.8,1918,"ohc","four",90,"2bbl",9.4,"68","5500",37,41,"3.23",5572
1,"plymouth","gas","turbo","two","hatchback","fwd","front",93.7,157.3,63.8,50.8,2128,"ohc","four",98,"spdi",7.6,"102","5500",24,30,"3.39",7957
1,"plymouth","gas","std","four","hatchback","fwd","front",93.7,157.3,63.8,50.6,1967,"ohc","four",90,"2bbl",9.4,"68","5500",31,38,"3.23",6229
1,"plymouth","gas","std","four","sedan","fwd","front",93.7,167.3,63.8,50.8,1989,"ohc","four",90,"2bbl",9.4,"68","5500",31,38,"3.23",6692
1,"plymouth","gas","std","four","sedan","fwd","front",93.7,167.3,63.8,50.8,2191,"ohc","four",98,"2bbl",9.4,"68","5500",31,38,"3.23",7609
-1,"plymouth","gas","std","four","wagon","fwd","front",103.3,174.6,64.6,59.8,2535,"ohc","four",122,"2bbl",8.5,"88","5000",24,30,"3.46",8921
1,"porsche","gas","std","two","hatchback","rwd","front",98.4,175.7,72.3,50.5,3366,"dohcv","eight",203,"mpfi",10,"288","5750",17,28,"3.11",0
0,"renault","gas","std","four","wagon","fwd","front",96.1,181.5,66.5,55.2,2579,"ohc","four",132,"mpfi",8.7,"?","?",23,31,"3.90",9295
2,"renault","gas","std","two","hatchback","fwd","front",96.1,176.8,66.6,50.5,2460,"ohc","four",132,"mpfi",8.7,"?","?",23,31,"3.90",9895
2,"subaru","gas","std","two","hatchback","fwd","front",93.7,156.9,63.4,53.7,2050,"ohcf","four",97,"2bbl",9,"69","4900",31,36,"2.36",5118
2,"subaru","gas","std","two","hatchback","fwd","front",93.7,157.9,63.6,53.7,2120,"ohcf","four",108,"2bbl",8.7,"73","4400",26,31,"2.64",7053
2,"subaru","gas","std","two","hatchback","4wd","front",93.3,157.3,63.8,55.7,2240,"ohcf","four",108,"2bbl",8.7,"73","4400",26,31,"2.64",7603
0,"subaru","gas","std","four","sedan","fwd","front",97.2,172,65.4,52.5,2145,"ohcf","four",108,"2bbl",9.5,"82","4800",32,37,"2.64",7126
0,"subaru","gas","std","four","sedan","fwd","front",97.2,172,65.4,52.5,2190,"ohcf","four",108,"2bbl",9.5,"82","4400",28,33,"2.64",7775
0,"subaru","gas","std","four","sedan","fwd","front",97.2,172,65.4,52.5,2340,"ohcf","four",108,"mpfi",9,"94","5200",26,32,"2.64",9960
0,"subaru","gas","std","four","sedan","4wd","front",97,172,65.4,54.3,2385,"ohcf","four",108,"2bbl",9,"82","4800",24,25,"2.64",9233
0,"subaru","gas","std","four","wagon","fwd","front",97,173.5,65.4,53,2290,"ohcf","four",108,"2bbl",9,"82","4800",28,32,"2.64",7463
0,"subaru","gas","std","four","wagon","4wd","front",96.9,173.6,65.4,54.9,2420,"ohcf","four",108,"2bbl",9,"82","4800",23,29,"2.64",8013
1,"toyota","gas","std","two","hatchback","fwd","front",95.7,158.7,63.6,54.5,1985,"ohc","four",92,"2bbl",9,"62","4800",35,39,"3.03",5348
1,"toyota","gas","std","two","hatchback","fwd","front",95.7,158.7,63.6,54.5,2040,"ohc","four",92,"2bbl",9,"62","4800",31,38,"3.03",6338
1,"toyota","gas","std","four","hatchback","fwd","front",95.7,158.7,63.6,54.5,2015,"ohc","four",92,"2bbl",9,"62","4800",31,38,"3.03",6488
0,"toyota","gas","std","four","wagon","fwd","front",95.7,169.7,63.6,59.1,2280,"ohc","four",92,"2bbl",9,"62","4800",31,37,"3.03",6918
0,"toyota","gas","std","four","wagon","4wd","front",95.7,169.7,63.6,59.1,2290,"ohc","four",92,"2bbl",9,"62","4800",27,32,"3.03",7898
0,"toyota","gas","std","four","wagon","4wd","front",95.7,169.7,63.6,59.1,3110,"ohc","four",92,"2bbl",9,"62","4800",27,32,"3.03",8778
0,"toyota","gas","std","four","sedan","fwd","front",95.7,166.3,64.4,53,2081,"ohc","four",98,"2bbl",9,"70","4800",30,37,"3.03",6938
0,"toyota","gas","std","four","hatchback","fwd","front",95.7,166.3,64.4,52.8,2109,"ohc","four",98,"2bbl",9,"70","4800",30,37,"3.03",7198
0,"toyota","diesel","std","four","sedan","fwd","front",95.7,166.3,64.4,53,2275,"ohc","four",110,"idi",22.5,"56","4500",34,36,"3.35",7898
0,"toyota","diesel","std","four","hatchback","fwd","front",95.7,166.3,64.4,52.8,2275,"ohc","four",110,"idi",22.5,"56","4500",38,47,"3.35",7788
0,"toyota","gas","std","four","sedan","fwd","front",95.7,166.3,64.4,53,2094,"ohc","four",98,"2bbl",9,"70","4800",38,47,"3.03",7738
0,"toyota","gas","std","four","hatchback","fwd","front",95.7,166.3,64.4,52.8,2122,"ohc","four",98,"2bbl",9,"70","4800",28,34,"3.03",8358
0,"toyota","gas","std","four","sedan","fwd","front",95.7,166.3,64.4,52.8,2140,"ohc","four",98,"2bbl",9,"70","4800",28,34,"3.03",9258
1,"toyota","gas","std","two","sedan","rwd","front",94.5,168.7,64,52.6,2169,"ohc","four",98,"2bbl",9,"70","4800",29,34,"3.03",8058
1,"toyota","gas","std","two","hatchback","rwd","front",94.5,168.7,64,52.6,2204,"ohc","four",98,"2bbl",9,"70","4800",29,34,"3.03",8238
1,"toyota","gas","std","two","sedan","rwd","front",94.5,168.7,64,52.6,2265,"dohc","four",98,"mpfi",9.4,"112","6600",26,29,"3.08",9298
1,"toyota","gas","std","two","hatchback","rwd","front",94.5,168.7,64,52.6,2300,"dohc","four",98,"mpfi",9.4,"112","6600",26,29,"3.08",9538
2,"toyota","gas","std","two","hardtop","rwd","front",98.4,176.2,65.6,52,2540,"ohc","four",146,"mpfi",9.3,"116","4800",24,30,"3.50",8449
2,"toyota","gas","std","two","hardtop","rwd","front",98.4,176.2,65.6,52,2536,"ohc","four",146,"mpfi",9.3,"116","4800",24,30,"3.50",9639
2,"toyota","gas","std","two","hatchback","rwd","front",98.4,176.2,65.6,52,2551,"ohc","four",146,"mpfi",9.3,"116","4800",24,30,"3.50",9989
-1,"toyota","gas","std","four","sedan","fwd","front",102.4,175.6,66.5,54.9,2326,"ohc","four",122,"mpfi",8.7,"92","4200",29,34,"3.54",8948
-1,"toyota","gas","std","four","hatchback","fwd","front",102.4,175.6,66.5,53.9,2414,"ohc","four",122,"mpfi",8.7,"92","4200",27,32,"3.54",9988
2,"volkswagen","diesel","std","two","sedan","fwd","front",97.3,171.7,65.5,55.7,2261,"ohc","four",97,"idi",23,"52","4800",37,46,"3.40",7775
2,"volkswagen","gas","std","two","sedan","fwd","front",97.3,171.7,65.5,55.7,2209,"ohc","four",109,"mpfi",9,"85","5250",27,34,"3.40",7975
2,"volkswagen","diesel","std","four","sedan","fwd","front",97.3,171.7,65.5,55.7,2264,"ohc","four",97,"idi",23,"52","4800",37,46,"3.40",7995
2,"volkswagen","gas","std","four","sedan","fwd","front",97.3,171.7,65.5,55.7,2212,"ohc","four",109,"mpfi",9,"85","5250",27,34,"3.40",8195
2,"volkswagen","gas","std","four","sedan","fwd","front",97.3,171.7,65.5,55.7,2275,"ohc","four",109,"mpfi",9,"85","5250",27,34,"3.40",8495
2,"volkswagen","diesel","turbo","four","sedan","fwd","front",97.3,171.7,65.5,55.7,2319,"ohc","four",97,"idi",23,"68","4500",37,42,"3.40",9495
2,"volkswagen","gas","std","four","sedan","fwd","front",97.3,171.7,65.5,55.7,2300,"ohc","four",109,"mpfi",10,"100","5500",26,32,"3.40",9995
3,"volkswagen","gas","std","two","hatchback","fwd","front",94.5,165.7,64,51.4,2221,"ohc","four",109,"mpfi",8.5,"90","5500",24,29,"3.40",9980
