CustomerID,Name,Email,Phone,City
1,Suwannee,suwannee1@hotmail.com,+66-836666371,Udon Thani
2,Chaiwat,chaiwat2@gmail.com,+66-851180162,Nakhon Ratchasima
3,Siriwan,siriwan3@gmail.com,+66-884670607,Khon Kaen
4,Wanchai,wanchai4@hotmail.com,+66-855634814,Phuket
5,Somsri,somsri5@yahoo.com,+66-815221506,Nakhon Si Thammarat
6,Wanchai,wanchai6@yahoo.com,+66-853839445,Bangkok
7,Suthida,suthida7@yahoo.com,+66-879708486,Udon Thani
8,Suwannee,suwannee8@gmail.com,+66-886870853,Bangkok
9,Nattapong,nattapong9@hotmail.com,+66-829488453,Khon Kaen
10,Pimchanok,pimchanok10@gmail.com,+66-843782099,Surat Thani
11,Yingluck,yingluck11@gmail.com,+66-858374782,Udon Thani
12,Nattaya,nattaya12@yahoo.com,+66-875229886,Udon Thani
13,Nattaya,nattaya13@yahoo.com,+66-822382506,Pattaya
14,Nattapong,nattapong14@yahoo.com,+66-885729663,Hat Yai
15,Suwannee,suwannee15@yahoo.com,+66-838496160,Phuket
16,Arthit,arthit16@hotmail.com,+66-843878036,Pattaya
17,Suthida,suthida17@gmail.com,+66-847036318,Hat Yai
18,Chaiwat,chaiwat18@gmail.com,+66-866762690,Bangkok
19,Preecha,preecha19@hotmail.com,+66-811405226,Surat Thani
20,Somchai,somchai20@gmail.com,+66-876791657,Surat Thani
21,Sasithorn,sasithorn21@hotmail.com,+66-849604058,Phuket
22,Nattaya,nattaya22@hotmail.com,+66-859738646,Khon Kaen
23,Prayut,prayut23@gmail.com,+66-821401230,Nakhon Ratchasima
24,Nattaya,nattaya24@yahoo.com,+66-857252705,Khon Kaen
25,Somchai,somchai25@yahoo.com,+66-829822117,Phuket
26,Anucha,anucha26@hotmail.com,+66-849536832,Pattaya
27,Anucha,anucha27@hotmail.com,+66-853417051,Nakhon Si Thammarat
28,Kittipong,kittipong28@yahoo.com,+66-892269856,Nakhon Ratchasima
29,Thanawat,thanawat29@yahoo.com,+66-839888206,Surat Thani
30,Somsri,somsri30@gmail.com,+66-814719996,Udon Thani
31,Chalita,chalita31@gmail.com,+66-878098897,Nakhon Si Thammarat
32,Somchai,somchai32@hotmail.com,+66-813827785,Bangkok
33,Nattaya,nattaya33@gmail.com,+66-816517028,Phuket
34,Sasithorn,sasithorn34@yahoo.com,+66-884206539,Hat Yai
35,Nattapong,nattapong35@gmail.com,+66-897320578,Khon Kaen
36,Suwannee,suwannee36@gmail.com,+66-805334301,Bangkok
37,Chaiwat,chaiwat37@gmail.com,+66-833062266,Nakhon Ratchasima
38,Pimchanok,pimchanok38@hotmail.com,+66-815555540,Chiang Mai
39,Suwannee,suwannee39@gmail.com,+66-818386668,Udon Thani
40,Kanchana,kanchana40@gmail.com,+66-885498027,Bangkok
41,Yingluck,yingluck41@yahoo.com,+66-831308477,Hat Yai
42,Pimchanok,pimchanok42@hotmail.com,+66-833775252,Nakhon Ratchasima
43,Preecha,preecha43@hotmail.com,+66-886135821,Phuket
44,Preecha,preecha44@yahoo.com,+66-812906306,Surat Thani
45,Pimchanok,pimchanok45@hotmail.com,+66-842493251,Pattaya
46,Preecha,preecha46@hotmail.com,+66-863259646,Nakhon Ratchasima
47,Nattaya,nattaya47@yahoo.com,+66-853939038,Surat Thani
48,Sasithorn,sasithorn48@gmail.com,+66-806472155,Bangkok
49,Prayut,prayut49@yahoo.com,+66-866065045,Phuket
50,Nattaya,nattaya50@yahoo.com,+66-816199056,Bangkok
51,Somsri,somsri51@yahoo.com,+66-899948987,Surat Thani
52,Kittipong,kittipong52@yahoo.com,+66-858852569,Phuket
53,Nattaya,nattaya53@hotmail.com,+66-879918172,Udon Thani
54,Nattapong,nattapong54@gmail.com,+66-871988269,Surat Thani
55,Wanchai,wanchai55@hotmail.com,+66-894476989,Khon Kaen
56,Kanchana,kanchana56@gmail.com,+66-813919601,Khon Kaen
57,Nattapong,nattapong57@gmail.com,+66-811570235,Phuket
58,Thanawat,thanawat58@gmail.com,+66-857209623,Chiang Mai
59,Nattaya,nattaya59@yahoo.com,+66-884227807,Khon Kaen
60,Sasithorn,sasithorn60@hotmail.com,+66-828131237,Udon Thani
61,Preecha,preecha61@hotmail.com,+66-895128791,Khon Kaen
62,Kanchana,kanchana62@yahoo.com,+66-806495223,Udon Thani
63,Chaiwat,chaiwat63@hotmail.com,+66-882811102,Nakhon Si Thammarat
64,Prayut,prayut64@gmail.com,+66-809568344,Phuket
65,Wanchai,wanchai65@hotmail.com,+66-885882167,Khon Kaen
66,Pimchanok,pimchanok66@yahoo.com,+66-817892320,Phuket
67,Anucha,anucha67@yahoo.com,+66-852412116,Nakhon Ratchasima
68,Suwannee,suwannee68@hotmail.com,+66-854711170,Chiang Mai
69,Yingluck,yingluck69@gmail.com,+66-858538463,Phuket
70,Chalita,chalita70@hotmail.com,+66-828322533,Udon Thani
71,Thanawat,thanawat71@hotmail.com,+66-876756916,Nakhon Ratchasima
72,Sasithorn,sasithorn72@yahoo.com,+66-849897725,Hat Yai
73,Anucha,anucha73@hotmail.com,+66-806390449,Bangkok
74,Arthit,arthit74@gmail.com,+66-821424649,Phuket
75,Nattapong,nattapong75@hotmail.com,+66-843250706,Hat Yai
76,Thanawat,thanawat76@hotmail.com,+66-886444963,Pattaya
77,Arthit,arthit77@hotmail.com,+66-867808697,Hat Yai
78,Pimchanok,pimchanok78@gmail.com,+66-882987479,Udon Thani
79,Preecha,preecha79@yahoo.com,+66-843202787,Hat Yai
80,Sasithorn,sasithorn80@yahoo.com,+66-853263371,Hat Yai
81,Kanchana,kanchana81@yahoo.com,+66-823601482,Chiang Mai
82,Chaiwat,chaiwat82@hotmail.com,+66-811065656,Nakhon Si Thammarat
83,Suwannee,suwannee83@hotmail.com,+66-894980103,Pattaya
84,Wanchai,wanchai84@gmail.com,+66-802244390,Chiang Mai
85,Anucha,anucha85@gmail.com,+66-872226531,Nakhon Si Thammarat
86,Sasithorn,sasithorn86@yahoo.com,+66-884075433,Pattaya
87,Chaiwat,chaiwat87@hotmail.com,+66-802500700,Phuket
88,Anucha,anucha88@gmail.com,+66-881346285,Khon Kaen
89,Anucha,anucha89@yahoo.com,+66-882354685,Surat Thani
90,Chaiwat,chaiwat90@yahoo.com,+66-891120777,Nakhon Ratchasima
91,Anucha,anucha91@hotmail.com,+66-892684733,Pattaya
92,Suthida,suthida92@yahoo.com,+66-873335741,Chiang Mai
93,Pimchanok,pimchanok93@hotmail.com,+66-854775606,Nakhon Ratchasima
94,Chalita,chalita94@gmail.com,+66-861585952,Pattaya
95,Somsri,somsri95@gmail.com,+66-891138169,Udon Thani
96,Somchai,somchai96@yahoo.com,+66-888935134,Surat Thani
97,Kanchana,kanchana97@gmail.com,+66-822161273,Udon Thani
98,Preecha,preecha98@yahoo.com,+66-874964021,Nakhon Ratchasima
99,Pimchanok,pimchanok99@hotmail.com,+66-837476926,Nakhon Ratchasima
100,Wanchai,wanchai100@gmail.com,+66-875123832,Surat Thani
101,Kittipong,kittipong101@hotmail.com,+66-833203897,Khon Kaen
102,Yingluck,yingluck102@yahoo.com,+66-841257124,Phuket
103,Nattaya,nattaya103@yahoo.com,+66-881417512,Pattaya
104,Prayut,prayut104@hotmail.com,+66-814437193,Nakhon Si Thammarat
105,Prayut,prayut105@gmail.com,+66-858080183,Udon Thani
106,Prayut,prayut106@hotmail.com,+66-874669472,Hat Yai
107,Somsri,somsri107@hotmail.com,+66-804797738,Bangkok
108,Preecha,preecha108@hotmail.com,+66-849251115,Hat Yai
109,Suthida,suthida109@hotmail.com,+66-855983760,Surat Thani
110,Somchai,somchai110@gmail.com,+66-892557714,Nakhon Si Thammarat
111,Siriwan,siriwan111@hotmail.com,+66-846674074,Chiang Mai
112,Siriwan,siriwan112@hotmail.com,+66-897063567,Khon Kaen
113,Somchai,somchai113@gmail.com,+66-859962822,Nakhon Ratchasima
114,Sasithorn,sasithorn114@gmail.com,+66-873944939,Surat Thani
115,Thanawat,thanawat115@gmail.com,+66-863272226,Bangkok
116,Pimchanok,pimchanok116@yahoo.com,+66-831850502,Surat Thani
117,Preecha,preecha117@yahoo.com,+66-848995873,Pattaya
118,Siriwan,siriwan118@yahoo.com,+66-835568081,Nakhon Si Thammarat
119,Pimchanok,pimchanok119@hotmail.com,+66-836489742,Udon Thani
120,Nattapong,nattapong120@hotmail.com,+66-879196173,Phuket
121,Kittipong,kittipong121@hotmail.com,+66-866116342,Phuket
122,Somchai,somchai122@yahoo.com,+66-849717660,Bangkok
123,Prayut,prayut123@yahoo.com,+66-872845942,Chiang Mai
124,Chalita,chalita124@gmail.com,+66-821076869,Chiang Mai
125,Chalita,chalita125@yahoo.com,+66-894614137,Hat Yai
126,Chalita,chalita126@gmail.com,+66-815826653,Nakhon Ratchasima
127,Kittipong,kittipong127@yahoo.com,+66-835601437,Hat Yai
128,Yingluck,yingluck128@hotmail.com,+66-836115635,Bangkok
129,Prayut,prayut129@hotmail.com,+66-848849589,Nakhon Si Thammarat
130,Kittipong,kittipong130@gmail.com,+66-831184846,Khon Kaen
131,Prayut,prayut131@yahoo.com,+66-824035987,Bangkok
132,Arthit,arthit132@hotmail.com,+66-839847461,Phuket
133,Pimchanok,pimchanok133@yahoo.com,+66-893313290,Chiang Mai
134,Kanchana,kanchana134@gmail.com,+66-883589399,Udon Thani
135,Nattapong,nattapong135@gmail.com,+66-841482489,Phuket
136,Chalita,chalita136@yahoo.com,+66-813157472,Bangkok
137,Prayut,prayut137@yahoo.com,+66-871201951,Khon Kaen
138,Sasithorn,sasithorn138@yahoo.com,+66-878590775,Udon Thani
139,Sasithorn,sasithorn139@gmail.com,+66-818515271,Udon Thani
140,Suthida,suthida140@yahoo.com,+66-891977778,Udon Thani
141,Kanchana,kanchana141@yahoo.com,+66-814712087,Phuket
142,Prayut,prayut142@gmail.com,+66-863748242,Surat Thani
143,Chaiwat,chaiwat143@gmail.com,+66-852391431,Hat Yai
144,Anucha,anucha144@yahoo.com,+66-891719161,Hat Yai
145,Suwannee,suwannee145@gmail.com,+66-846140470,Hat Yai
146,Prayut,prayut146@yahoo.com,+66-809802366,Pattaya
147,Kanchana,kanchana147@yahoo.com,+66-814510393,Udon Thani
148,Prayut,prayut148@yahoo.com,+66-886781655,Bangkok
149,Somsri,somsri149@gmail.com,+66-882501734,Surat Thani
150,Kanchana,kanchana150@hotmail.com,+66-854040464,Nakhon Ratchasima
151,Chalita,chalita151@yahoo.com,+66-843108526,Pattaya
152,Suwannee,suwannee152@yahoo.com,+66-851617022,Chiang Mai
153,Preecha,preecha153@hotmail.com,+66-887897984,Khon Kaen
154,Nattaya,nattaya154@yahoo.com,+66-852407076,Pattaya
155,Prayut,prayut155@hotmail.com,+66-835559084,Bangkok
156,Suwannee,suwannee156@gmail.com,+66-878222788,Pattaya
157,Thanawat,thanawat157@gmail.com,+66-849881326,Khon Kaen
158,Wanchai,wanchai158@gmail.com,+66-885718619,Nakhon Si Thammarat
159,Preecha,preecha159@gmail.com,+66-886118787,Hat Yai
160,Arthit,arthit160@gmail.com,+66-816018527,Khon Kaen
161,Pimchanok,pimchanok161@hotmail.com,+66-843532068,Nakhon Ratchasima
162,Siriwan,siriwan162@hotmail.com,+66-878749348,Surat Thani
163,Thanawat,thanawat163@yahoo.com,+66-805692267,Surat Thani
164,Somchai,somchai164@gmail.com,+66-892224579,Udon Thani
165,Arthit,arthit165@yahoo.com,+66-877426621,Phuket
166,Anucha,anucha166@hotmail.com,+66-866144888,Hat Yai
167,Somsri,somsri167@yahoo.com,+66-862644023,Chiang Mai
168,Chaiwat,chaiwat168@yahoo.com,+66-814911741,Udon Thani
169,Wanchai,wanchai169@yahoo.com,+66-889040145,Pattaya
170,Kittipong,kittipong170@hotmail.com,+66-889314555,Nakhon Si Thammarat
171,Suwannee,suwannee171@hotmail.com,+66-834314553,Pattaya
172,Chaiwat,chaiwat172@hotmail.com,+66-869374440,Phuket
173,Suwannee,suwannee173@gmail.com,+66-823980775,Surat Thani
174,Somsri,somsri174@gmail.com,+66-866193559,Chiang Mai
175,Wanchai,wanchai175@yahoo.com,+66-843430196,Udon Thani
176,Yingluck,yingluck176@gmail.com,+66-883776806,Surat Thani
177,Yingluck,yingluck177@yahoo.com,+66-831298814,Udon Thani
178,Kanchana,kanchana178@yahoo.com,+66-801615778,Pattaya
179,Kanchana,kanchana179@yahoo.com,+66-868552230,Nakhon Si Thammarat
180,Prayut,prayut180@hotmail.com,+66-867948860,Phuket
181,Preecha,preecha181@yahoo.com,+66-802690182,Nakhon Ratchasima
182,Arthit,arthit182@gmail.com,+66-814940645,Nakhon Ratchasima
183,Preecha,preecha183@hotmail.com,+66-806999634,Pattaya
184,Kanchana,kanchana184@gmail.com,+66-887311048,Bangkok
185,Suthida,suthida185@yahoo.com,+66-892549937,Bangkok
186,Nattapong,nattapong186@gmail.com,+66-882087785,Phuket
187,Anucha,anucha187@hotmail.com,+66-847391942,Surat Thani
188,Chalita,chalita188@gmail.com,+66-805668142,Bangkok
189,Arthit,arthit189@yahoo.com,+66-859671900,Udon Thani
190,Arthit,arthit190@hotmail.com,+66-828277452,Hat Yai
191,Siriwan,siriwan191@gmail.com,+66-831825856,Chiang Mai
192,Thanawat,thanawat192@yahoo.com,+66-878169567,Nakhon Si Thammarat
193,Yingluck,yingluck193@yahoo.com,+66-835160762,Pattaya
194,Nattaya,nattaya194@yahoo.com,+66-832468551,Chiang Mai
195,Kittipong,kittipong195@yahoo.com,+66-878411183,Khon Kaen
196,Siriwan,siriwan196@hotmail.com,+66-864254697,Surat Thani
197,Chaiwat,chaiwat197@hotmail.com,+66-816125385,Khon Kaen
198,Chaiwat,chaiwat198@gmail.com,+66-808162870,Pattaya
199,Suthida,suthida199@hotmail.com,+66-833932013,Surat Thani
200,Sasithorn,sasithorn200@hotmail.com,+66-814912722,Hat Yai
