CustomerID,Gender,Age,Annual Income (k$),Spending Score (1-100)
1,Male,19,15,54.12
2,Male,21,15,47.86
3,Female,20,16,50.5
4,Female,23,16,52.39
5,Female,31,17,38.41
6,Female,22,17,56.18
7,Female,35,18,52.45
8,Female,23,18,54.73
9,Male,64,19,24.12
10,Female,30,19,48.16
11,Male,67,19,14.19
12,Female,35,19,45.69
13,Female,58,20,33.4
14,Female,24,20,51.33
15,Male,37,20,46.8
16,Male,22,20,44.95
17,Female,35,21,44.43
18,Male,20,21,55.69
19,Male,52,23,33.17
20,Female,35,23,38.7
21,Male,35,24,49.93
22,Male,25,24,52.18
23,Female,46,25,41.29
24,Male,31,25,50.17
25,Female,54,28,38.93
26,Male,29,28,57.32
27,Female,45,28,45.63
28,Male,35,28,47.45
29,Female,40,29,48.44
30,Female,23,29,54.94
31,Male,60,30,37.57
32,Female,21,30,57.79
33,Male,53,33,48.65
34,Male,18,33,59.54
35,Female,49,33,39.04
36,Female,21,33,64.67
37,Female,42,34,39.86
38,Female,30,34,50.85
39,Female,36,37,53.81
40,Female,20,37,58.66
41,Female,65,38,40.84
42,Male,24,38,56.96
43,Male,48,39,44.89
44,Female,31,39,55.37
45,Female,49,39,45.99
46,Female,24,39,55.64
47,Female,50,40,48.46
48,Female,27,40,53.45
49,Female,29,40,56.47
50,Female,31,40,58.53
51,Female,49,42,49.9
52,Male,33,42,60.99
53,Female,31,43,65.11
54,Male,59,43,48.19
55,Female,50,43,57.77
56,Male,47,43,39.51
57,Female,51,44,47.64
58,Male,69,44,38.67
59,Female,27,46,60.51
60,Male,53,46,53.96
61,Male,70,46,33.61
62,Male,19,46,62.88
63,Female,67,47,41.72
64,Female,54,47,39.88
65,Male,63,48,36.01
66,Male,18,48,69.58
67,Female,43,48,60.13
68,Female,68,48,40.58
69,Male,19,48,66.73
70,Female,32,48,57.82
71,Male,70,49,38.81
72,Female,47,49,43.83
73,Female,60,50,46.68
74,Female,60,50,37.4
75,Male,59,54,46.35
76,Male,26,54,69.32
77,Female,45,54,52.23
78,Male,40,54,66.23
79,Female,23,54,59.0
80,Female,49,54,52.25
81,Male,57,54,39.56
82,Male,38,54,70.31
83,Male,67,54,45.2
84,Female,46,54,47.89
85,Female,21,54,73.09
86,Male,48,54,54.34
87,Female,55,57,53.67
88,Female,22,57,72.4
89,Female,34,58,65.06
90,Female,50,58,61.76
91,Female,68,59,47.33
92,Male,18,59,66.87
93,Male,48,60,52.31
94,Female,40,60,60.84
95,Female,32,60,65.18
96,Male,24,60,69.37
97,Female,47,60,54.52
98,Female,27,60,65.32
99,Male,48,61,52.79
100,Male,20,61,81.32
101,Female,23,62,69.36
102,Female,49,62,60.1
103,Male,67,62,42.5
104,Male,26,62,70.72
105,Male,49,62,59.22
106,Female,21,62,77.59
107,Female,66,63,54.89
108,Male,54,63,47.71
109,Male,68,63,46.25
110,Male,66,63,46.14
111,Male,65,63,44.48
112,Female,19,63,68.99
113,Female,38,64,64.74
114,Male,19,64,89.68
115,Female,18,65,72.12
116,Female,19,65,78.63
117,Female,63,65,53.74
118,Female,49,65,61.02
119,Female,51,67,55.59
120,Female,50,67,54.33
121,Male,27,67,70.49
122,Female,38,67,58.76
123,Female,40,69,66.3
124,Male,39,69,61.18
125,Female,23,70,75.21
126,Female,31,70,66.61
127,Male,43,71,72.33
128,Male,40,71,60.46
129,Male,59,71,53.23
130,Male,38,71,62.01
131,Male,47,71,62.17
132,Male,39,71,63.73
133,Female,25,72,73.46
134,Female,31,72,68.21
135,Male,20,73,77.52
136,Female,29,73,69.83
137,Female,44,73,67.04
138,Male,32,73,65.74
139,Male,19,74,80.97
140,Female,35,74,64.97
141,Female,57,75,61.33
142,Male,32,75,73.0
143,Female,28,76,70.46
144,Female,32,76,69.56
145,Male,25,77,70.98
146,Male,28,77,66.87
147,Male,48,77,63.33
148,Female,32,77,66.37
149,Female,34,78,74.04
150,Male,34,78,55.01
151,Male,43,78,59.49
152,Male,39,78,63.6
153,Female,44,78,71.76
154,Female,38,78,61.08
155,Female,47,78,51.91
156,Female,27,78,67.87
157,Male,37,78,73.68
158,Female,30,78,78.87
159,Male,34,78,74.69
160,Female,30,78,76.79
161,Female,56,79,53.53
162,Female,29,79,76.69
163,Male,19,81,71.45
164,Female,31,81,69.01
165,Male,50,85,70.73
166,Female,36,85,83.18
167,Male,42,86,68.3
168,Female,33,86,74.32
169,Female,36,87,69.88
170,Male,32,87,81.36
171,Male,40,87,65.23
172,Male,28,87,77.36
173,Male,36,87,66.39
174,Male,36,87,73.27
175,Female,52,88,68.91
176,Female,30,88,76.98
177,Male,58,88,64.4
178,Male,27,88,74.53
179,Male,59,93,56.21
180,Male,35,93,85.04
181,Female,37,97,78.56
182,Female,32,97,72.46
183,Male,46,98,75.85
184,Female,29,98,80.37
185,Female,41,99,67.51
186,Male,30,99,86.44
187,Female,54,101,69.42
188,Male,28,101,88.98
189,Female,41,103,69.32
190,Female,36,103,74.53
191,Female,34,103,77.91
192,Female,32,103,91.52
193,Male,33,113,93.03
194,Female,38,113,80.01
195,Female,47,120,74.25
196,Female,35,120,90.41
197,Female,45,126,70.84
198,Male,32,126,87.1
199,Male,32,137,100.0
200,Male,30,137,97.68
